Phone Number,Agent Name,Agency Description
tel:+61409055236,,"Led by Ray & David Murphy and Joseph Indorato - Ray White Cairns is a known leader in the North Queensland property market. Part of the Ray White Cairns, Cairns Beaches, Palm Cove & Smithfield group, our agencies are proud of being a family-owned business, known for their exceptional customer service, deeply rooted in the local community..Renowned for our unwavering dedication, we are able to leverage the extensive resources and expertise of Australia's largest property group, Ray White. This equips us with the capability to enhance our property service offerings, incorporate cutting-edge technology tools and provide a broader spectrum of services to benefit our clients."
tel:+61421831500,,"Led by Ray & David Murphy and Joseph Indorato - Ray White Cairns is a known leader in the North Queensland property market. Part of the Ray White Cairns, Cairns Beaches, Palm Cove & Smithfield group, our agencies are proud of being a family-owned business, known for their exceptional customer service, deeply rooted in the local community..Renowned for our unwavering dedication, we are able to leverage the extensive resources and expertise of Australia's largest property group, Ray White. This equips us with the capability to enhance our property service offerings, incorporate cutting-edge technology tools and provide a broader spectrum of services to benefit our clients."
tel:+61740571800,,"Led by Ray & David Murphy and Joseph Indorato - Ray White Cairns is a known leader in the North Queensland property market. Part of the Ray White Cairns, Cairns Beaches, Palm Cove & Smithfield group, our agencies are proud of being a family-owned business, known for their exceptional customer service, deeply rooted in the local community..Renowned for our unwavering dedication, we are able to leverage the extensive resources and expertise of Australia's largest property group, Ray White. This equips us with the capability to enhance our property service offerings, incorporate cutting-edge technology tools and provide a broader spectrum of services to benefit our clients."
tel:+61400191889,,"Led by Ray & David Murphy and Joseph Indorato - Ray White Cairns is a known leader in the North Queensland property market. Part of the Ray White Cairns, Cairns Beaches, Palm Cove & Smithfield group, our agencies are proud of being a family-owned business, known for their exceptional customer service, deeply rooted in the local community..Renowned for our unwavering dedication, we are able to leverage the extensive resources and expertise of Australia's largest property group, Ray White. This equips us with the capability to enhance our property service offerings, incorporate cutting-edge technology tools and provide a broader spectrum of services to benefit our clients."
tel:+61740444888,,"Led by Ray & David Murphy and Joseph Indorato - Ray White Cairns is a known leader in the North Queensland property market. Part of the Ray White Cairns, Cairns Beaches, Palm Cove & Smithfield group, our agencies are proud of being a family-owned business, known for their exceptional customer service, deeply rooted in the local community..Renowned for our unwavering dedication, we are able to leverage the extensive resources and expertise of Australia's largest property group, Ray White. This equips us with the capability to enhance our property service offerings, incorporate cutting-edge technology tools and provide a broader spectrum of services to benefit our clients."
tel:+61413337306,,"Led by Ray & David Murphy and Joseph Indorato - Ray White Cairns is a known leader in the North Queensland property market. Part of the Ray White Cairns, Cairns Beaches, Palm Cove & Smithfield group, our agencies are proud of being a family-owned business, known for their exceptional customer service, deeply rooted in the local community..Renowned for our unwavering dedication, we are able to leverage the extensive resources and expertise of Australia's largest property group, Ray White. This equips us with the capability to enhance our property service offerings, incorporate cutting-edge technology tools and provide a broader spectrum of services to benefit our clients."
tel:+61409055236,,"Led by Ray & David Murphy and Joseph Indorato - Ray White Cairns is a known leader in the North Queensland property market. Part of the Ray White Cairns, Cairns Beaches, Palm Cove & Smithfield group, our agencies are proud of being a family-owned business, known for their exceptional customer service, deeply rooted in the local community..Renowned for our unwavering dedication, we are able to leverage the extensive resources and expertise of Australia's largest property group, Ray White. This equips us with the capability to enhance our property service offerings, incorporate cutting-edge technology tools and provide a broader spectrum of services to benefit our clients."
tel:+61421831500,,"Led by Ray & David Murphy and Joseph Indorato - Ray White Cairns is a known leader in the North Queensland property market. Part of the Ray White Cairns, Cairns Beaches, Palm Cove & Smithfield group, our agencies are proud of being a family-owned business, known for their exceptional customer service, deeply rooted in the local community..Renowned for our unwavering dedication, we are able to leverage the extensive resources and expertise of Australia's largest property group, Ray White. This equips us with the capability to enhance our property service offerings, incorporate cutting-edge technology tools and provide a broader spectrum of services to benefit our clients."
tel:+61740571800,,"Led by Ray & David Murphy and Joseph Indorato - Ray White Cairns is a known leader in the North Queensland property market. Part of the Ray White Cairns, Cairns Beaches, Palm Cove & Smithfield group, our agencies are proud of being a family-owned business, known for their exceptional customer service, deeply rooted in the local community..Renowned for our unwavering dedication, we are able to leverage the extensive resources and expertise of Australia's largest property group, Ray White. This equips us with the capability to enhance our property service offerings, incorporate cutting-edge technology tools and provide a broader spectrum of services to benefit our clients."
tel:+61400191889,,"Led by Ray & David Murphy and Joseph Indorato - Ray White Cairns is a known leader in the North Queensland property market. Part of the Ray White Cairns, Cairns Beaches, Palm Cove & Smithfield group, our agencies are proud of being a family-owned business, known for their exceptional customer service, deeply rooted in the local community..Renowned for our unwavering dedication, we are able to leverage the extensive resources and expertise of Australia's largest property group, Ray White. This equips us with the capability to enhance our property service offerings, incorporate cutting-edge technology tools and provide a broader spectrum of services to benefit our clients."
tel:+61740444888,,"Led by Ray & David Murphy and Joseph Indorato - Ray White Cairns is a known leader in the North Queensland property market. Part of the Ray White Cairns, Cairns Beaches, Palm Cove & Smithfield group, our agencies are proud of being a family-owned business, known for their exceptional customer service, deeply rooted in the local community..Renowned for our unwavering dedication, we are able to leverage the extensive resources and expertise of Australia's largest property group, Ray White. This equips us with the capability to enhance our property service offerings, incorporate cutting-edge technology tools and provide a broader spectrum of services to benefit our clients."
tel:+61413337306,,"Led by Ray & David Murphy and Joseph Indorato - Ray White Cairns is a known leader in the North Queensland property market. Part of the Ray White Cairns, Cairns Beaches, Palm Cove & Smithfield group, our agencies are proud of being a family-owned business, known for their exceptional customer service, deeply rooted in the local community..Renowned for our unwavering dedication, we are able to leverage the extensive resources and expertise of Australia's largest property group, Ray White. This equips us with the capability to enhance our property service offerings, incorporate cutting-edge technology tools and provide a broader spectrum of services to benefit our clients."
tel:+61740444888,,"Led by Ray & David Murphy and Joseph Indorato - Ray White Cairns is a known leader in the North Queensland property market. Part of the Ray White Cairns, Cairns Beaches, Palm Cove & Smithfield group, our agencies are proud of being a family-owned business, known for their exceptional customer service, deeply rooted in the local community..Renowned for our unwavering dedication, we are able to leverage the extensive resources and expertise of Australia's largest property group, Ray White. This equips us with the capability to enhance our property service offerings, incorporate cutting-edge technology tools and provide a broader spectrum of services to benefit our clients."
tel:+61422301149,,"Led by Ray & David Murphy and Joseph Indorato - Ray White Cairns is a known leader in the North Queensland property market. Part of the Ray White Cairns, Cairns Beaches, Palm Cove & Smithfield group, our agencies are proud of being a family-owned business, known for their exceptional customer service, deeply rooted in the local community..Renowned for our unwavering dedication, we are able to leverage the extensive resources and expertise of Australia's largest property group, Ray White. This equips us with the capability to enhance our property service offerings, incorporate cutting-edge technology tools and provide a broader spectrum of services to benefit our clients."
tel:+61421249744,,"Led by Ray & David Murphy and Joseph Indorato - Ray White Cairns is a known leader in the North Queensland property market. Part of the Ray White Cairns, Cairns Beaches, Palm Cove & Smithfield group, our agencies are proud of being a family-owned business, known for their exceptional customer service, deeply rooted in the local community..Renowned for our unwavering dedication, we are able to leverage the extensive resources and expertise of Australia's largest property group, Ray White. This equips us with the capability to enhance our property service offerings, incorporate cutting-edge technology tools and provide a broader spectrum of services to benefit our clients."
tel:+61419735559,,"Led by Ray & David Murphy and Joseph Indorato - Ray White Cairns is a known leader in the North Queensland property market. Part of the Ray White Cairns, Cairns Beaches, Palm Cove & Smithfield group, our agencies are proud of being a family-owned business, known for their exceptional customer service, deeply rooted in the local community..Renowned for our unwavering dedication, we are able to leverage the extensive resources and expertise of Australia's largest property group, Ray White. This equips us with the capability to enhance our property service offerings, incorporate cutting-edge technology tools and provide a broader spectrum of services to benefit our clients."
tel:+61447850804,,"Led by Ray & David Murphy and Joseph Indorato - Ray White Cairns is a known leader in the North Queensland property market. Part of the Ray White Cairns, Cairns Beaches, Palm Cove & Smithfield group, our agencies are proud of being a family-owned business, known for their exceptional customer service, deeply rooted in the local community..Renowned for our unwavering dedication, we are able to leverage the extensive resources and expertise of Australia's largest property group, Ray White. This equips us with the capability to enhance our property service offerings, incorporate cutting-edge technology tools and provide a broader spectrum of services to benefit our clients."
tel:+61740444888,,"Led by Ray & David Murphy and Joseph Indorato - Ray White Cairns is a known leader in the North Queensland property market. Part of the Ray White Cairns, Cairns Beaches, Palm Cove & Smithfield group, our agencies are proud of being a family-owned business, known for their exceptional customer service, deeply rooted in the local community..Renowned for our unwavering dedication, we are able to leverage the extensive resources and expertise of Australia's largest property group, Ray White. This equips us with the capability to enhance our property service offerings, incorporate cutting-edge technology tools and provide a broader spectrum of services to benefit our clients."
tel:+61433446900,,"Led by Ray & David Murphy and Joseph Indorato - Ray White Cairns is a known leader in the North Queensland property market. Part of the Ray White Cairns, Cairns Beaches, Palm Cove & Smithfield group, our agencies are proud of being a family-owned business, known for their exceptional customer service, deeply rooted in the local community..Renowned for our unwavering dedication, we are able to leverage the extensive resources and expertise of Australia's largest property group, Ray White. This equips us with the capability to enhance our property service offerings, incorporate cutting-edge technology tools and provide a broader spectrum of services to benefit our clients."
tel:+61421831500,,"Led by Ray & David Murphy and Joseph Indorato - Ray White Cairns is a known leader in the North Queensland property market. Part of the Ray White Cairns, Cairns Beaches, Palm Cove & Smithfield group, our agencies are proud of being a family-owned business, known for their exceptional customer service, deeply rooted in the local community..Renowned for our unwavering dedication, we are able to leverage the extensive resources and expertise of Australia's largest property group, Ray White. This equips us with the capability to enhance our property service offerings, incorporate cutting-edge technology tools and provide a broader spectrum of services to benefit our clients."
tel:+61409764346,,"Led by Ray & David Murphy and Joseph Indorato - Ray White Cairns is a known leader in the North Queensland property market. Part of the Ray White Cairns, Cairns Beaches, Palm Cove & Smithfield group, our agencies are proud of being a family-owned business, known for their exceptional customer service, deeply rooted in the local community..Renowned for our unwavering dedication, we are able to leverage the extensive resources and expertise of Australia's largest property group, Ray White. This equips us with the capability to enhance our property service offerings, incorporate cutting-edge technology tools and provide a broader spectrum of services to benefit our clients."
tel:+61487154973,,"Led by Ray & David Murphy and Joseph Indorato - Ray White Cairns is a known leader in the North Queensland property market. Part of the Ray White Cairns, Cairns Beaches, Palm Cove & Smithfield group, our agencies are proud of being a family-owned business, known for their exceptional customer service, deeply rooted in the local community..Renowned for our unwavering dedication, we are able to leverage the extensive resources and expertise of Australia's largest property group, Ray White. This equips us with the capability to enhance our property service offerings, incorporate cutting-edge technology tools and provide a broader spectrum of services to benefit our clients."
tel:+61418774353,,"Led by Ray & David Murphy and Joseph Indorato - Ray White Cairns is a known leader in the North Queensland property market. Part of the Ray White Cairns, Cairns Beaches, Palm Cove & Smithfield group, our agencies are proud of being a family-owned business, known for their exceptional customer service, deeply rooted in the local community..Renowned for our unwavering dedication, we are able to leverage the extensive resources and expertise of Australia's largest property group, Ray White. This equips us with the capability to enhance our property service offerings, incorporate cutting-edge technology tools and provide a broader spectrum of services to benefit our clients."
tel:+61408079340,,"Led by Ray & David Murphy and Joseph Indorato - Ray White Cairns is a known leader in the North Queensland property market. Part of the Ray White Cairns, Cairns Beaches, Palm Cove & Smithfield group, our agencies are proud of being a family-owned business, known for their exceptional customer service, deeply rooted in the local community..Renowned for our unwavering dedication, we are able to leverage the extensive resources and expertise of Australia's largest property group, Ray White. This equips us with the capability to enhance our property service offerings, incorporate cutting-edge technology tools and provide a broader spectrum of services to benefit our clients."
tel:+61406537579,,"Led by Ray & David Murphy and Joseph Indorato - Ray White Cairns is a known leader in the North Queensland property market. Part of the Ray White Cairns, Cairns Beaches, Palm Cove & Smithfield group, our agencies are proud of being a family-owned business, known for their exceptional customer service, deeply rooted in the local community..Renowned for our unwavering dedication, we are able to leverage the extensive resources and expertise of Australia's largest property group, Ray White. This equips us with the capability to enhance our property service offerings, incorporate cutting-edge technology tools and provide a broader spectrum of services to benefit our clients."
tel:+61459024005,,"Led by Ray & David Murphy and Joseph Indorato - Ray White Cairns is a known leader in the North Queensland property market. Part of the Ray White Cairns, Cairns Beaches, Palm Cove & Smithfield group, our agencies are proud of being a family-owned business, known for their exceptional customer service, deeply rooted in the local community..Renowned for our unwavering dedication, we are able to leverage the extensive resources and expertise of Australia's largest property group, Ray White. This equips us with the capability to enhance our property service offerings, incorporate cutting-edge technology tools and provide a broader spectrum of services to benefit our clients."
tel:+61401591511,,"Led by Ray & David Murphy and Joseph Indorato - Ray White Cairns is a known leader in the North Queensland property market. Part of the Ray White Cairns, Cairns Beaches, Palm Cove & Smithfield group, our agencies are proud of being a family-owned business, known for their exceptional customer service, deeply rooted in the local community..Renowned for our unwavering dedication, we are able to leverage the extensive resources and expertise of Australia's largest property group, Ray White. This equips us with the capability to enhance our property service offerings, incorporate cutting-edge technology tools and provide a broader spectrum of services to benefit our clients."
tel:+61432201062,,"Led by Ray & David Murphy and Joseph Indorato - Ray White Cairns is a known leader in the North Queensland property market. Part of the Ray White Cairns, Cairns Beaches, Palm Cove & Smithfield group, our agencies are proud of being a family-owned business, known for their exceptional customer service, deeply rooted in the local community..Renowned for our unwavering dedication, we are able to leverage the extensive resources and expertise of Australia's largest property group, Ray White. This equips us with the capability to enhance our property service offerings, incorporate cutting-edge technology tools and provide a broader spectrum of services to benefit our clients."
tel:+61400932229,,"Led by Ray & David Murphy and Joseph Indorato - Ray White Cairns is a known leader in the North Queensland property market. Part of the Ray White Cairns, Cairns Beaches, Palm Cove & Smithfield group, our agencies are proud of being a family-owned business, known for their exceptional customer service, deeply rooted in the local community..Renowned for our unwavering dedication, we are able to leverage the extensive resources and expertise of Australia's largest property group, Ray White. This equips us with the capability to enhance our property service offerings, incorporate cutting-edge technology tools and provide a broader spectrum of services to benefit our clients."
tel:+61407028388,,"Led by Ray & David Murphy and Joseph Indorato - Ray White Cairns is a known leader in the North Queensland property market. Part of the Ray White Cairns, Cairns Beaches, Palm Cove & Smithfield group, our agencies are proud of being a family-owned business, known for their exceptional customer service, deeply rooted in the local community..Renowned for our unwavering dedication, we are able to leverage the extensive resources and expertise of Australia's largest property group, Ray White. This equips us with the capability to enhance our property service offerings, incorporate cutting-edge technology tools and provide a broader spectrum of services to benefit our clients."
tel:+61418187778,,"Led by Ray & David Murphy and Joseph Indorato - Ray White Cairns is a known leader in the North Queensland property market. Part of the Ray White Cairns, Cairns Beaches, Palm Cove & Smithfield group, our agencies are proud of being a family-owned business, known for their exceptional customer service, deeply rooted in the local community..Renowned for our unwavering dedication, we are able to leverage the extensive resources and expertise of Australia's largest property group, Ray White. This equips us with the capability to enhance our property service offerings, incorporate cutting-edge technology tools and provide a broader spectrum of services to benefit our clients."
,,"Led by Ray & David Murphy and Joseph Indorato - Ray White Cairns is a known leader in the North Queensland property market. Part of the Ray White Cairns, Cairns Beaches, Palm Cove & Smithfield group, our agencies are proud of being a family-owned business, known for their exceptional customer service, deeply rooted in the local community..Renowned for our unwavering dedication, we are able to leverage the extensive resources and expertise of Australia's largest property group, Ray White. This equips us with the capability to enhance our property service offerings, incorporate cutting-edge technology tools and provide a broader spectrum of services to benefit our clients."
tel:+61427276774,,"Led by Ray & David Murphy and Joseph Indorato - Ray White Cairns is a known leader in the North Queensland property market. Part of the Ray White Cairns, Cairns Beaches, Palm Cove & Smithfield group, our agencies are proud of being a family-owned business, known for their exceptional customer service, deeply rooted in the local community..Renowned for our unwavering dedication, we are able to leverage the extensive resources and expertise of Australia's largest property group, Ray White. This equips us with the capability to enhance our property service offerings, incorporate cutting-edge technology tools and provide a broader spectrum of services to benefit our clients."
tel:+61413553417,,"Led by Ray & David Murphy and Joseph Indorato - Ray White Cairns is a known leader in the North Queensland property market. Part of the Ray White Cairns, Cairns Beaches, Palm Cove & Smithfield group, our agencies are proud of being a family-owned business, known for their exceptional customer service, deeply rooted in the local community..Renowned for our unwavering dedication, we are able to leverage the extensive resources and expertise of Australia's largest property group, Ray White. This equips us with the capability to enhance our property service offerings, incorporate cutting-edge technology tools and provide a broader spectrum of services to benefit our clients."
tel:+61411770908,,"CairnsProperty Office has been a shining star in the Cairns Real Estate market forover 18 years. Principal and Cairns local Greg Moule has over 30 years’experience in the real estate game and opened the first Cairns Property Officeon the 15th June 2003..With a strong base of dedicated agents and staff Greg was soon ableto grow his business opening the Redlynch branch , with partners Shane andSamantha Trimby at Redlynch Central Shopping Centre in 2005. The Business grewfurther when a third Office was opened in Gordonvale with Principals Robyn andMichael Hawley Whitton in January 2017..With one of the largest independent sales and rentals team Cairnsarea we are able to cover a massive area. We cover an area that stretches fromthe southern suburbs of Gordonvale right up north to the Daintree andBloomfield and also into Kuranda in the tablelands..Cairns Property Office continues to move from strength to strength.With excellent agent training Cairns Property Office manages to produce themost experienced, up to date and dedicated agents in town. Sales Agents havethe added advantage of having a highly trained and experienced Sales manager attheir disposal for support and Training . The offices also have an extremelystrong administrative team helping to make your Real Estate experience smoothand seamless all working together to give you quality service..Cairns Property Office is also your one-stop-shop for all your RealEstate needs. With over 20 Residential Sales agents, 7 highly experiencedrental managers, in house auctioneer, professional photographerand a commercial agent who cover all commercial sales and lettings throughoutthe Cairns area."
tel:+61423589917,,"CairnsProperty Office has been a shining star in the Cairns Real Estate market forover 18 years. Principal and Cairns local Greg Moule has over 30 years’experience in the real estate game and opened the first Cairns Property Officeon the 15th June 2003..With a strong base of dedicated agents and staff Greg was soon ableto grow his business opening the Redlynch branch , with partners Shane andSamantha Trimby at Redlynch Central Shopping Centre in 2005. The Business grewfurther when a third Office was opened in Gordonvale with Principals Robyn andMichael Hawley Whitton in January 2017..With one of the largest independent sales and rentals team Cairnsarea we are able to cover a massive area. We cover an area that stretches fromthe southern suburbs of Gordonvale right up north to the Daintree andBloomfield and also into Kuranda in the tablelands..Cairns Property Office continues to move from strength to strength.With excellent agent training Cairns Property Office manages to produce themost experienced, up to date and dedicated agents in town. Sales Agents havethe added advantage of having a highly trained and experienced Sales manager attheir disposal for support and Training . The offices also have an extremelystrong administrative team helping to make your Real Estate experience smoothand seamless all working together to give you quality service..Cairns Property Office is also your one-stop-shop for all your RealEstate needs. With over 20 Residential Sales agents, 7 highly experiencedrental managers, in house auctioneer, professional photographerand a commercial agent who cover all commercial sales and lettings throughoutthe Cairns area."
tel:+61438189054,,"CairnsProperty Office has been a shining star in the Cairns Real Estate market forover 18 years. Principal and Cairns local Greg Moule has over 30 years’experience in the real estate game and opened the first Cairns Property Officeon the 15th June 2003..With a strong base of dedicated agents and staff Greg was soon ableto grow his business opening the Redlynch branch , with partners Shane andSamantha Trimby at Redlynch Central Shopping Centre in 2005. The Business grewfurther when a third Office was opened in Gordonvale with Principals Robyn andMichael Hawley Whitton in January 2017..With one of the largest independent sales and rentals team Cairnsarea we are able to cover a massive area. We cover an area that stretches fromthe southern suburbs of Gordonvale right up north to the Daintree andBloomfield and also into Kuranda in the tablelands..Cairns Property Office continues to move from strength to strength.With excellent agent training Cairns Property Office manages to produce themost experienced, up to date and dedicated agents in town. Sales Agents havethe added advantage of having a highly trained and experienced Sales manager attheir disposal for support and Training . The offices also have an extremelystrong administrative team helping to make your Real Estate experience smoothand seamless all working together to give you quality service..Cairns Property Office is also your one-stop-shop for all your RealEstate needs. With over 20 Residential Sales agents, 7 highly experiencedrental managers, in house auctioneer, professional photographerand a commercial agent who cover all commercial sales and lettings throughoutthe Cairns area."
tel:4031 9222,,"CairnsProperty Office has been a shining star in the Cairns Real Estate market forover 18 years. Principal and Cairns local Greg Moule has over 30 years’experience in the real estate game and opened the first Cairns Property Officeon the 15th June 2003..With a strong base of dedicated agents and staff Greg was soon ableto grow his business opening the Redlynch branch , with partners Shane andSamantha Trimby at Redlynch Central Shopping Centre in 2005. The Business grewfurther when a third Office was opened in Gordonvale with Principals Robyn andMichael Hawley Whitton in January 2017..With one of the largest independent sales and rentals team Cairnsarea we are able to cover a massive area. We cover an area that stretches fromthe southern suburbs of Gordonvale right up north to the Daintree andBloomfield and also into Kuranda in the tablelands..Cairns Property Office continues to move from strength to strength.With excellent agent training Cairns Property Office manages to produce themost experienced, up to date and dedicated agents in town. Sales Agents havethe added advantage of having a highly trained and experienced Sales manager attheir disposal for support and Training . The offices also have an extremelystrong administrative team helping to make your Real Estate experience smoothand seamless all working together to give you quality service..Cairns Property Office is also your one-stop-shop for all your RealEstate needs. With over 20 Residential Sales agents, 7 highly experiencedrental managers, in house auctioneer, professional photographerand a commercial agent who cover all commercial sales and lettings throughoutthe Cairns area."
tel:+61740319222,,"CairnsProperty Office has been a shining star in the Cairns Real Estate market forover 18 years. Principal and Cairns local Greg Moule has over 30 years’experience in the real estate game and opened the first Cairns Property Officeon the 15th June 2003..With a strong base of dedicated agents and staff Greg was soon ableto grow his business opening the Redlynch branch , with partners Shane andSamantha Trimby at Redlynch Central Shopping Centre in 2005. The Business grewfurther when a third Office was opened in Gordonvale with Principals Robyn andMichael Hawley Whitton in January 2017..With one of the largest independent sales and rentals team Cairnsarea we are able to cover a massive area. We cover an area that stretches fromthe southern suburbs of Gordonvale right up north to the Daintree andBloomfield and also into Kuranda in the tablelands..Cairns Property Office continues to move from strength to strength.With excellent agent training Cairns Property Office manages to produce themost experienced, up to date and dedicated agents in town. Sales Agents havethe added advantage of having a highly trained and experienced Sales manager attheir disposal for support and Training . The offices also have an extremelystrong administrative team helping to make your Real Estate experience smoothand seamless all working together to give you quality service..Cairns Property Office is also your one-stop-shop for all your RealEstate needs. With over 20 Residential Sales agents, 7 highly experiencedrental managers, in house auctioneer, professional photographerand a commercial agent who cover all commercial sales and lettings throughoutthe Cairns area."
tel:+61740319222,,"CairnsProperty Office has been a shining star in the Cairns Real Estate market forover 18 years. Principal and Cairns local Greg Moule has over 30 years’experience in the real estate game and opened the first Cairns Property Officeon the 15th June 2003..With a strong base of dedicated agents and staff Greg was soon ableto grow his business opening the Redlynch branch , with partners Shane andSamantha Trimby at Redlynch Central Shopping Centre in 2005. The Business grewfurther when a third Office was opened in Gordonvale with Principals Robyn andMichael Hawley Whitton in January 2017..With one of the largest independent sales and rentals team Cairnsarea we are able to cover a massive area. We cover an area that stretches fromthe southern suburbs of Gordonvale right up north to the Daintree andBloomfield and also into Kuranda in the tablelands..Cairns Property Office continues to move from strength to strength.With excellent agent training Cairns Property Office manages to produce themost experienced, up to date and dedicated agents in town. Sales Agents havethe added advantage of having a highly trained and experienced Sales manager attheir disposal for support and Training . The offices also have an extremelystrong administrative team helping to make your Real Estate experience smoothand seamless all working together to give you quality service..Cairns Property Office is also your one-stop-shop for all your RealEstate needs. With over 20 Residential Sales agents, 7 highly experiencedrental managers, in house auctioneer, professional photographerand a commercial agent who cover all commercial sales and lettings throughoutthe Cairns area."
tel:+61411770908,,"CairnsProperty Office has been a shining star in the Cairns Real Estate market forover 18 years. Principal and Cairns local Greg Moule has over 30 years’experience in the real estate game and opened the first Cairns Property Officeon the 15th June 2003..With a strong base of dedicated agents and staff Greg was soon ableto grow his business opening the Redlynch branch , with partners Shane andSamantha Trimby at Redlynch Central Shopping Centre in 2005. The Business grewfurther when a third Office was opened in Gordonvale with Principals Robyn andMichael Hawley Whitton in January 2017..With one of the largest independent sales and rentals team Cairnsarea we are able to cover a massive area. We cover an area that stretches fromthe southern suburbs of Gordonvale right up north to the Daintree andBloomfield and also into Kuranda in the tablelands..Cairns Property Office continues to move from strength to strength.With excellent agent training Cairns Property Office manages to produce themost experienced, up to date and dedicated agents in town. Sales Agents havethe added advantage of having a highly trained and experienced Sales manager attheir disposal for support and Training . The offices also have an extremelystrong administrative team helping to make your Real Estate experience smoothand seamless all working together to give you quality service..Cairns Property Office is also your one-stop-shop for all your RealEstate needs. With over 20 Residential Sales agents, 7 highly experiencedrental managers, in house auctioneer, professional photographerand a commercial agent who cover all commercial sales and lettings throughoutthe Cairns area."
tel:+61423589917,,"CairnsProperty Office has been a shining star in the Cairns Real Estate market forover 18 years. Principal and Cairns local Greg Moule has over 30 years’experience in the real estate game and opened the first Cairns Property Officeon the 15th June 2003..With a strong base of dedicated agents and staff Greg was soon ableto grow his business opening the Redlynch branch , with partners Shane andSamantha Trimby at Redlynch Central Shopping Centre in 2005. The Business grewfurther when a third Office was opened in Gordonvale with Principals Robyn andMichael Hawley Whitton in January 2017..With one of the largest independent sales and rentals team Cairnsarea we are able to cover a massive area. We cover an area that stretches fromthe southern suburbs of Gordonvale right up north to the Daintree andBloomfield and also into Kuranda in the tablelands..Cairns Property Office continues to move from strength to strength.With excellent agent training Cairns Property Office manages to produce themost experienced, up to date and dedicated agents in town. Sales Agents havethe added advantage of having a highly trained and experienced Sales manager attheir disposal for support and Training . The offices also have an extremelystrong administrative team helping to make your Real Estate experience smoothand seamless all working together to give you quality service..Cairns Property Office is also your one-stop-shop for all your RealEstate needs. With over 20 Residential Sales agents, 7 highly experiencedrental managers, in house auctioneer, professional photographerand a commercial agent who cover all commercial sales and lettings throughoutthe Cairns area."
tel:+61438189054,,"CairnsProperty Office has been a shining star in the Cairns Real Estate market forover 18 years. Principal and Cairns local Greg Moule has over 30 years’experience in the real estate game and opened the first Cairns Property Officeon the 15th June 2003..With a strong base of dedicated agents and staff Greg was soon ableto grow his business opening the Redlynch branch , with partners Shane andSamantha Trimby at Redlynch Central Shopping Centre in 2005. The Business grewfurther when a third Office was opened in Gordonvale with Principals Robyn andMichael Hawley Whitton in January 2017..With one of the largest independent sales and rentals team Cairnsarea we are able to cover a massive area. We cover an area that stretches fromthe southern suburbs of Gordonvale right up north to the Daintree andBloomfield and also into Kuranda in the tablelands..Cairns Property Office continues to move from strength to strength.With excellent agent training Cairns Property Office manages to produce themost experienced, up to date and dedicated agents in town. Sales Agents havethe added advantage of having a highly trained and experienced Sales manager attheir disposal for support and Training . The offices also have an extremelystrong administrative team helping to make your Real Estate experience smoothand seamless all working together to give you quality service..Cairns Property Office is also your one-stop-shop for all your RealEstate needs. With over 20 Residential Sales agents, 7 highly experiencedrental managers, in house auctioneer, professional photographerand a commercial agent who cover all commercial sales and lettings throughoutthe Cairns area."
tel:4031 9222,,"CairnsProperty Office has been a shining star in the Cairns Real Estate market forover 18 years. Principal and Cairns local Greg Moule has over 30 years’experience in the real estate game and opened the first Cairns Property Officeon the 15th June 2003..With a strong base of dedicated agents and staff Greg was soon ableto grow his business opening the Redlynch branch , with partners Shane andSamantha Trimby at Redlynch Central Shopping Centre in 2005. The Business grewfurther when a third Office was opened in Gordonvale with Principals Robyn andMichael Hawley Whitton in January 2017..With one of the largest independent sales and rentals team Cairnsarea we are able to cover a massive area. We cover an area that stretches fromthe southern suburbs of Gordonvale right up north to the Daintree andBloomfield and also into Kuranda in the tablelands..Cairns Property Office continues to move from strength to strength.With excellent agent training Cairns Property Office manages to produce themost experienced, up to date and dedicated agents in town. Sales Agents havethe added advantage of having a highly trained and experienced Sales manager attheir disposal for support and Training . The offices also have an extremelystrong administrative team helping to make your Real Estate experience smoothand seamless all working together to give you quality service..Cairns Property Office is also your one-stop-shop for all your RealEstate needs. With over 20 Residential Sales agents, 7 highly experiencedrental managers, in house auctioneer, professional photographerand a commercial agent who cover all commercial sales and lettings throughoutthe Cairns area."
tel:+61740319222,,"CairnsProperty Office has been a shining star in the Cairns Real Estate market forover 18 years. Principal and Cairns local Greg Moule has over 30 years’experience in the real estate game and opened the first Cairns Property Officeon the 15th June 2003..With a strong base of dedicated agents and staff Greg was soon ableto grow his business opening the Redlynch branch , with partners Shane andSamantha Trimby at Redlynch Central Shopping Centre in 2005. The Business grewfurther when a third Office was opened in Gordonvale with Principals Robyn andMichael Hawley Whitton in January 2017..With one of the largest independent sales and rentals team Cairnsarea we are able to cover a massive area. We cover an area that stretches fromthe southern suburbs of Gordonvale right up north to the Daintree andBloomfield and also into Kuranda in the tablelands..Cairns Property Office continues to move from strength to strength.With excellent agent training Cairns Property Office manages to produce themost experienced, up to date and dedicated agents in town. Sales Agents havethe added advantage of having a highly trained and experienced Sales manager attheir disposal for support and Training . The offices also have an extremelystrong administrative team helping to make your Real Estate experience smoothand seamless all working together to give you quality service..Cairns Property Office is also your one-stop-shop for all your RealEstate needs. With over 20 Residential Sales agents, 7 highly experiencedrental managers, in house auctioneer, professional photographerand a commercial agent who cover all commercial sales and lettings throughoutthe Cairns area."
tel:+61740319222,,"CairnsProperty Office has been a shining star in the Cairns Real Estate market forover 18 years. Principal and Cairns local Greg Moule has over 30 years’experience in the real estate game and opened the first Cairns Property Officeon the 15th June 2003..With a strong base of dedicated agents and staff Greg was soon ableto grow his business opening the Redlynch branch , with partners Shane andSamantha Trimby at Redlynch Central Shopping Centre in 2005. The Business grewfurther when a third Office was opened in Gordonvale with Principals Robyn andMichael Hawley Whitton in January 2017..With one of the largest independent sales and rentals team Cairnsarea we are able to cover a massive area. We cover an area that stretches fromthe southern suburbs of Gordonvale right up north to the Daintree andBloomfield and also into Kuranda in the tablelands..Cairns Property Office continues to move from strength to strength.With excellent agent training Cairns Property Office manages to produce themost experienced, up to date and dedicated agents in town. Sales Agents havethe added advantage of having a highly trained and experienced Sales manager attheir disposal for support and Training . The offices also have an extremelystrong administrative team helping to make your Real Estate experience smoothand seamless all working together to give you quality service..Cairns Property Office is also your one-stop-shop for all your RealEstate needs. With over 20 Residential Sales agents, 7 highly experiencedrental managers, in house auctioneer, professional photographerand a commercial agent who cover all commercial sales and lettings throughoutthe Cairns area."
tel:+61457447931,,"CairnsProperty Office has been a shining star in the Cairns Real Estate market forover 18 years. Principal and Cairns local Greg Moule has over 30 years’experience in the real estate game and opened the first Cairns Property Officeon the 15th June 2003..With a strong base of dedicated agents and staff Greg was soon ableto grow his business opening the Redlynch branch , with partners Shane andSamantha Trimby at Redlynch Central Shopping Centre in 2005. The Business grewfurther when a third Office was opened in Gordonvale with Principals Robyn andMichael Hawley Whitton in January 2017..With one of the largest independent sales and rentals team Cairnsarea we are able to cover a massive area. We cover an area that stretches fromthe southern suburbs of Gordonvale right up north to the Daintree andBloomfield and also into Kuranda in the tablelands..Cairns Property Office continues to move from strength to strength.With excellent agent training Cairns Property Office manages to produce themost experienced, up to date and dedicated agents in town. Sales Agents havethe added advantage of having a highly trained and experienced Sales manager attheir disposal for support and Training . The offices also have an extremelystrong administrative team helping to make your Real Estate experience smoothand seamless all working together to give you quality service..Cairns Property Office is also your one-stop-shop for all your RealEstate needs. With over 20 Residential Sales agents, 7 highly experiencedrental managers, in house auctioneer, professional photographerand a commercial agent who cover all commercial sales and lettings throughoutthe Cairns area."
tel:+61439320961,,"CairnsProperty Office has been a shining star in the Cairns Real Estate market forover 18 years. Principal and Cairns local Greg Moule has over 30 years’experience in the real estate game and opened the first Cairns Property Officeon the 15th June 2003..With a strong base of dedicated agents and staff Greg was soon ableto grow his business opening the Redlynch branch , with partners Shane andSamantha Trimby at Redlynch Central Shopping Centre in 2005. The Business grewfurther when a third Office was opened in Gordonvale with Principals Robyn andMichael Hawley Whitton in January 2017..With one of the largest independent sales and rentals team Cairnsarea we are able to cover a massive area. We cover an area that stretches fromthe southern suburbs of Gordonvale right up north to the Daintree andBloomfield and also into Kuranda in the tablelands..Cairns Property Office continues to move from strength to strength.With excellent agent training Cairns Property Office manages to produce themost experienced, up to date and dedicated agents in town. Sales Agents havethe added advantage of having a highly trained and experienced Sales manager attheir disposal for support and Training . The offices also have an extremelystrong administrative team helping to make your Real Estate experience smoothand seamless all working together to give you quality service..Cairns Property Office is also your one-stop-shop for all your RealEstate needs. With over 20 Residential Sales agents, 7 highly experiencedrental managers, in house auctioneer, professional photographerand a commercial agent who cover all commercial sales and lettings throughoutthe Cairns area."
tel:+61408770741,,"CairnsProperty Office has been a shining star in the Cairns Real Estate market forover 18 years. Principal and Cairns local Greg Moule has over 30 years’experience in the real estate game and opened the first Cairns Property Officeon the 15th June 2003..With a strong base of dedicated agents and staff Greg was soon ableto grow his business opening the Redlynch branch , with partners Shane andSamantha Trimby at Redlynch Central Shopping Centre in 2005. The Business grewfurther when a third Office was opened in Gordonvale with Principals Robyn andMichael Hawley Whitton in January 2017..With one of the largest independent sales and rentals team Cairnsarea we are able to cover a massive area. We cover an area that stretches fromthe southern suburbs of Gordonvale right up north to the Daintree andBloomfield and also into Kuranda in the tablelands..Cairns Property Office continues to move from strength to strength.With excellent agent training Cairns Property Office manages to produce themost experienced, up to date and dedicated agents in town. Sales Agents havethe added advantage of having a highly trained and experienced Sales manager attheir disposal for support and Training . The offices also have an extremelystrong administrative team helping to make your Real Estate experience smoothand seamless all working together to give you quality service..Cairns Property Office is also your one-stop-shop for all your RealEstate needs. With over 20 Residential Sales agents, 7 highly experiencedrental managers, in house auctioneer, professional photographerand a commercial agent who cover all commercial sales and lettings throughoutthe Cairns area."
tel:+61488071007,,"CairnsProperty Office has been a shining star in the Cairns Real Estate market forover 18 years. Principal and Cairns local Greg Moule has over 30 years’experience in the real estate game and opened the first Cairns Property Officeon the 15th June 2003..With a strong base of dedicated agents and staff Greg was soon ableto grow his business opening the Redlynch branch , with partners Shane andSamantha Trimby at Redlynch Central Shopping Centre in 2005. The Business grewfurther when a third Office was opened in Gordonvale with Principals Robyn andMichael Hawley Whitton in January 2017..With one of the largest independent sales and rentals team Cairnsarea we are able to cover a massive area. We cover an area that stretches fromthe southern suburbs of Gordonvale right up north to the Daintree andBloomfield and also into Kuranda in the tablelands..Cairns Property Office continues to move from strength to strength.With excellent agent training Cairns Property Office manages to produce themost experienced, up to date and dedicated agents in town. Sales Agents havethe added advantage of having a highly trained and experienced Sales manager attheir disposal for support and Training . The offices also have an extremelystrong administrative team helping to make your Real Estate experience smoothand seamless all working together to give you quality service..Cairns Property Office is also your one-stop-shop for all your RealEstate needs. With over 20 Residential Sales agents, 7 highly experiencedrental managers, in house auctioneer, professional photographerand a commercial agent who cover all commercial sales and lettings throughoutthe Cairns area."
tel:+61409459861,,
tel:+61409459861,,
tel:+61416056357,,"Property Shop Cairns is synonymous with prestige marketing, superior negotiation skills and an excellence in presentation. We achieve record results throughout the Cairns area..The Property Shop brand is recognised throughout Cairns and the greater region as consistently setting a benchmark for presentation and service. Our signature style is to set the standard in Cairns as to how real estate should be handled..Our company ethos is to listen fully and understand the needs and goals of our client base. We are then able to strategise and tailor make a solution that best incorporates what the client is looking to achieve..If you are looking to sell or tenant your Cairns property, or if you are a tenant seeking a rental property, we are here to guide you through the process..The Property Shop Cairns excellence in customer service extends to all our client base, including landlords, property sellers and investors, buyers and tenants alike."
tel:+61437427543,,"Property Shop Cairns is synonymous with prestige marketing, superior negotiation skills and an excellence in presentation. We achieve record results throughout the Cairns area..The Property Shop brand is recognised throughout Cairns and the greater region as consistently setting a benchmark for presentation and service. Our signature style is to set the standard in Cairns as to how real estate should be handled..Our company ethos is to listen fully and understand the needs and goals of our client base. We are then able to strategise and tailor make a solution that best incorporates what the client is looking to achieve..If you are looking to sell or tenant your Cairns property, or if you are a tenant seeking a rental property, we are here to guide you through the process..The Property Shop Cairns excellence in customer service extends to all our client base, including landlords, property sellers and investors, buyers and tenants alike."
tel:+61405150999,,"Property Shop Cairns is synonymous with prestige marketing, superior negotiation skills and an excellence in presentation. We achieve record results throughout the Cairns area..The Property Shop brand is recognised throughout Cairns and the greater region as consistently setting a benchmark for presentation and service. Our signature style is to set the standard in Cairns as to how real estate should be handled..Our company ethos is to listen fully and understand the needs and goals of our client base. We are then able to strategise and tailor make a solution that best incorporates what the client is looking to achieve..If you are looking to sell or tenant your Cairns property, or if you are a tenant seeking a rental property, we are here to guide you through the process..The Property Shop Cairns excellence in customer service extends to all our client base, including landlords, property sellers and investors, buyers and tenants alike."
tel:+61425713700,,"Property Shop Cairns is synonymous with prestige marketing, superior negotiation skills and an excellence in presentation. We achieve record results throughout the Cairns area..The Property Shop brand is recognised throughout Cairns and the greater region as consistently setting a benchmark for presentation and service. Our signature style is to set the standard in Cairns as to how real estate should be handled..Our company ethos is to listen fully and understand the needs and goals of our client base. We are then able to strategise and tailor make a solution that best incorporates what the client is looking to achieve..If you are looking to sell or tenant your Cairns property, or if you are a tenant seeking a rental property, we are here to guide you through the process..The Property Shop Cairns excellence in customer service extends to all our client base, including landlords, property sellers and investors, buyers and tenants alike."
tel:+61416056357,,"Property Shop Cairns is synonymous with prestige marketing, superior negotiation skills and an excellence in presentation. We achieve record results throughout the Cairns area..The Property Shop brand is recognised throughout Cairns and the greater region as consistently setting a benchmark for presentation and service. Our signature style is to set the standard in Cairns as to how real estate should be handled..Our company ethos is to listen fully and understand the needs and goals of our client base. We are then able to strategise and tailor make a solution that best incorporates what the client is looking to achieve..If you are looking to sell or tenant your Cairns property, or if you are a tenant seeking a rental property, we are here to guide you through the process..The Property Shop Cairns excellence in customer service extends to all our client base, including landlords, property sellers and investors, buyers and tenants alike."
tel:+61437427543,,"Property Shop Cairns is synonymous with prestige marketing, superior negotiation skills and an excellence in presentation. We achieve record results throughout the Cairns area..The Property Shop brand is recognised throughout Cairns and the greater region as consistently setting a benchmark for presentation and service. Our signature style is to set the standard in Cairns as to how real estate should be handled..Our company ethos is to listen fully and understand the needs and goals of our client base. We are then able to strategise and tailor make a solution that best incorporates what the client is looking to achieve..If you are looking to sell or tenant your Cairns property, or if you are a tenant seeking a rental property, we are here to guide you through the process..The Property Shop Cairns excellence in customer service extends to all our client base, including landlords, property sellers and investors, buyers and tenants alike."
tel:+61405150999,,"Property Shop Cairns is synonymous with prestige marketing, superior negotiation skills and an excellence in presentation. We achieve record results throughout the Cairns area..The Property Shop brand is recognised throughout Cairns and the greater region as consistently setting a benchmark for presentation and service. Our signature style is to set the standard in Cairns as to how real estate should be handled..Our company ethos is to listen fully and understand the needs and goals of our client base. We are then able to strategise and tailor make a solution that best incorporates what the client is looking to achieve..If you are looking to sell or tenant your Cairns property, or if you are a tenant seeking a rental property, we are here to guide you through the process..The Property Shop Cairns excellence in customer service extends to all our client base, including landlords, property sellers and investors, buyers and tenants alike."
tel:+61425713700,,"Property Shop Cairns is synonymous with prestige marketing, superior negotiation skills and an excellence in presentation. We achieve record results throughout the Cairns area..The Property Shop brand is recognised throughout Cairns and the greater region as consistently setting a benchmark for presentation and service. Our signature style is to set the standard in Cairns as to how real estate should be handled..Our company ethos is to listen fully and understand the needs and goals of our client base. We are then able to strategise and tailor make a solution that best incorporates what the client is looking to achieve..If you are looking to sell or tenant your Cairns property, or if you are a tenant seeking a rental property, we are here to guide you through the process..The Property Shop Cairns excellence in customer service extends to all our client base, including landlords, property sellers and investors, buyers and tenants alike."
